Roll Number,First Name,Last Name,Gender,Branch,Company,CTC (LPA),Job Role
22BCE6764,Shruti,Gupta,Female,Civil,Capgemini,3.43,Software Engineer
22BCE1856,Dev,Sharma,Male,Mechanical,Cognizant,5.63,Data Analyst
22BCE7769,Dev,Pandey,Male,ECE,TCS,4.17,Software Engineer
22BCE3591,Atharv,Mehta,Female,ECE,Infosys,3.42,DevOps Engineer
22BCE2533,Sai,Agarwal,Male,Civil,TCS,3.14,DevOps Engineer
22BCE5451,Saanvi,Pandey,Female,CSE,Amazon,5.92,Software Engineer
22BCE2600,Aryan,Reddy,Female,IT,Cognizant,4.41,Backend Developer
22BCE3414,Harsh,Singh,Female,Mechanical,Infosys,4.71,DevOps Engineer
22BCE9616,Ananya,Kapoor,Male,Mechanical,Microsoft,4.93,Software Engineer
22BCE4193,Kiara,Kumar,Male,Civil,Infosys,5.31,Software Engineer
22BCE1711,Vihaan,Chopra,Male,Mechanical,Infosys,3.13,DevOps Engineer
22BCE3475,Sara,Reddy,Male,ECE,Capgemini,5.73,DevOps Engineer
22BCE5592,Aarav,Kumar,Female,IT,Capgemini,5.21,Backend Developer
22BCE8918,Shruti,Iyer,Male,CSE,Infosys,4.9,System Analyst
22BCE3599,Avni,Yadav,Female,CSE,Infosys,5.73,Web Developer
22BCE9460,Naman,Reddy,Male,ECE,Cognizant,4.07,Data Analyst
22BCE3608,Aarav,Patel,Female,IT,Cognizant,4.66,Data Analyst
22BCE7696,Aryan,Agarwal,Female,Mechanical,Cognizant,3,Backend Developer
22BCE6285,Kunal,Patel,Male,CSE,Microsoft,5.32,System Analyst
22BCE2472,Tanya,Kapoor,Male,Civil,TCS,5.31,System Analyst
22BCE9668,Avni,Reddy,Female,EEE,Cognizant,5.8,Data Analyst
22BCE4369,Kiara,Mehta,Female,EEE,Amazon,5.07,Web Developer
22BCE4245,Avni,Das,Female,CSE,Amazon,4.72,Web Developer
22BCE9711,Yash,Mehta,Male,Civil,Microsoft,4.32,System Analyst
22BCE7667,Prisha,Mishra,Male,CSE,Microsoft,4.16,Data Analyst
22BCE5645,Sai,Pandey,Male,Civil,Microsoft,4.28,DevOps Engineer
22BCE5400,Sara,Pandey,Female,EEE,TCS,3.96,Web Developer
22BCE8770,Pihu,Verma,Male,CSE,Wipro,4.5,Software Engineer
22BCE7071,Aadhya,Chopra,Male,Mechanical,TCS,5.38,DevOps Engineer
22BCE4954,Kunal,Das,Male,ECE,TCS,4.04,DevOps Engineer
22BCE7501,Shruti,Kapoor,Male,Civil,Microsoft,4.73,Web Developer
22BCE9559,Kunal,Sharma,Female,Mechanical,Microsoft,5.33,DevOps Engineer
22BCE5587,Avni,Ghosh,Male,IT,Microsoft,5.6,DevOps Engineer
22BCE2387,Reyansh,Patel,Male,CSE,Cognizant,3.96,System Analyst
22BCE1510,Aditya,Nair,Male,ECE,Microsoft,4.02,Web Developer
22BCE3910,Saanvi,Sinha,Male,Civil,TCS,3.98,Backend Developer
22BCE9016,Dev,Das,Female,IT,Google,3.94,Data Analyst
22BCE1063,Saanvi,Chopra,Female,Mechanical,Capgemini,4.65,Backend Developer
22BCE4223,Vihaan,Gupta,Male,Mechanical,Infosys,3.32,Data Analyst
22BCE8900,Yash,Reddy,Male,EEE,Infosys,3.1,System Analyst
22BCE2161,Kabir,Pandey,Female,ECE,Amazon,3.65,System Analyst
22BCE8224,Reyansh,Das,Female,EEE,TCS,3.98,DevOps Engineer
22BCE5312,Vivaan,Ghosh,Male,Mechanical,Wipro,3.84,Software Engineer
22BCE5063,Naman,Das,Male,EEE,Infosys,5.72,Web Developer
22BCE7173,Kiara,Agarwal,Female,CSE,Amazon,3.03,DevOps Engineer
22BCE2435,Saanvi,Gupta,Female,ECE,Infosys,3.48,Web Developer
22BCE6900,Aditya,Mishra,Female,IT,Capgemini,4.17,Software Engineer
22BCE3181,Myra,Sharma,Male,EEE,Wipro,3.15,System Analyst
22BCE5935,Anika,Mishra,Female,Civil,Amazon,3.6,Software Engineer
22BCE5521,Kritika,Sharma,Male,ECE,Wipro,5.05,Software Engineer
22BCE2251,Tanya,Singh,Female,CSE,Microsoft,4.43,Data Analyst
22BCE2083,Anika,Patel,Female,ECE,Amazon,5.87,Software Engineer
22BCE5791,Tanvi,Agarwal,Male,ECE,Capgemini,5.91,Data Analyst
22BCE8089,Ananya,Sharma,Female,CSE,Cognizant,4.45,Data Analyst
22BCE6400,Anika,Yadav,Male,EEE,Cognizant,3.3,Data Analyst
22BCE1124,Ananya,Mehta,Female,IT,TCS,3.72,Software Engineer
22BCE6185,Kritika,Reddy,Male,EEE,Microsoft,4.73,System Analyst
22BCE6064,Kiara,Chopra,Male,EEE,Microsoft,5.11,System Analyst
22BCE4523,Aryan,Chopra,Male,IT,TCS,5.5,Software Engineer
22BCE7198,Arjun,Joshi,Female,CSE,Microsoft,4.4,DevOps Engineer
22BCE4553,Kabir,Joshi,Male,Civil,Infosys,4.96,Backend Developer
22BCE5607,Dev,Iyer,Female,Civil,Wipro,5.07,Backend Developer
22BCE7945,Krishna,Agarwal,Female,Mechanical,Microsoft,5.82,DevOps Engineer
22BCE7332,Ananya,Ghosh,Male,CSE,TCS,5.95,DevOps Engineer
22BCE5116,Shruti,Kumar,Female,Mechanical,Amazon,5.52,Web Developer
22BCE9376,Tanya,Yadav,Male,ECE,Amazon,4.8,Data Analyst
22BCE9091,Ananya,Sharma,Male,IT,Capgemini,4.81,DevOps Engineer
22BCE3651,Kunal,Gupta,Male,IT,Google,5.32,Data Analyst
22BCE8106,Shruti,Pandey,Female,Civil,Wipro,3.68,System Analyst
22BCE5986,Aryan,Mehta,Male,Civil,Cognizant,4.43,System Analyst
22BCE6453,Laksh,Ghosh,Female,Mechanical,Cognizant,4.24,Backend Developer
22BCE8954,Sara,Chopra,Male,Civil,Google,4.71,Software Engineer
22BCE3461,Laksh,Yadav,Female,Civil,Amazon,4.31,Backend Developer
22BCE1906,Avni,Pandey,Female,ECE,Cognizant,5.22,Web Developer
22BCE2995,Aditya,Sinha,Female,CSE,Google,4.8,Web Developer
22BCE4450,Prisha,Mehta,Male,Civil,Infosys,5.69,Web Developer
22BCE8370,Aditya,Iyer,Female,Mechanical,TCS,3.72,Backend Developer
22BCE1478,Harsh,Patel,Male,ECE,Cognizant,3.53,System Analyst
22BCE4214,Krishna,Sinha,Male,Mechanical,Infosys,5.85,DevOps Engineer
22BCE5707,Shruti,Reddy,Female,Civil,TCS,5.87,System Analyst
22BCE7054,Sai,Das,Male,IT,Capgemini,3.38,DevOps Engineer
22BCE3668,Pihu,Kumar,Female,CSE,Wipro,5.01,System Analyst
22BCE1377,Yash,Gupta,Male,CSE,Cognizant,4.13,DevOps Engineer
22BCE2272,Aarav,Kapoor,Female,Civil,Amazon,4.59,DevOps Engineer
22BCE3723,Aryan,Kapoor,Male,EEE,Microsoft,3.25,Web Developer
22BCE1212,Shruti,Mishra,Female,ECE,Microsoft,4.35,System Analyst
22BCE7551,Aadhya,Yadav,Male,Civil,Capgemini,4.61,Backend Developer
22BCE6423,Kabir,Reddy,Male,CSE,Microsoft,5.88,Data Analyst
22BCE8954,Atharv,Kumar,Male,EEE,Google,5.26,Web Developer
22BCE4695,Ishaan,Sinha,Male,IT,Infosys,3.33,System Analyst
22BCE3131,Kiara,Singh,Female,Civil,Wipro,3.28,DevOps Engineer
22BCE2114,Arjun,Pandey,Male,Mechanical,Amazon,5.8,System Analyst
22BCE7869,Atharv,Pandey,Female,IT,Microsoft,4.21,Backend Developer
22BCE5141,Avni,Kumar,Male,CSE,Infosys,5.79,Software Engineer
22BCE4463,Atharv,Chopra,Female,IT,Infosys,5.65,Data Analyst
22BCE1102,Ananya,Iyer,Female,CSE,TCS,5.82,DevOps Engineer
22BCE2818,Aryan,Sharma,Female,Mechanical,Google,5.26,Web Developer
22BCE5784,Vihaan,Sinha,Female,ECE,TCS,4.95,Software Engineer
22BCE5756,Aditya,Pandey,Male,EEE,Infosys,4.76,DevOps Engineer
22BCE1806,Ishaan,Chopra,Male,CSE,Cognizant,3.54,Data Analyst
22BCE4807,Reyansh,Singh,Male,Mechanical,Cognizant,5.72,Web Developer
22BCE7832,Aryan,Ghosh,Male,Mechanical,Microsoft,3.32,Web Developer
22BCE7391,Vivaan,Agarwal,Female,Mechanical,Microsoft,5.28,System Analyst
22BCE7661,Anika,Agarwal,Male,EEE,Microsoft,3.47,Software Engineer
22BCE7358,Krishna,Kapoor,Female,IT,Microsoft,3.75,Web Developer
22BCE9789,Kabir,Gupta,Male,IT,Wipro,4.23,Web Developer
22BCE9769,Laksh,Das,Female,Civil,Cognizant,5.17,Software Engineer
22BCE1531,Diya,Sinha,Male,EEE,Wipro,5.77,Backend Developer
22BCE3193,Ira,Agarwal,Female,IT,Wipro,5.86,Software Engineer
22BCE5115,Vihaan,Agarwal,Female,EEE,Capgemini,3.44,DevOps Engineer
22BCE9883,Prisha,Agarwal,Male,EEE,Amazon,5.55,Software Engineer
22BCE6464,Om,Verma,Female,IT,Wipro,4.62,Software Engineer
22BCE3477,Ishaan,Mishra,Female,CSE,Microsoft,3.4,System Analyst
22BCE2839,Krishna,Verma,Male,ECE,Capgemini,5.15,System Analyst
22BCE8597,Naman,Sinha,Male,EEE,Infosys,3.01,Software Engineer
22BCE4948,Kabir,Nair,Male,Civil,Google,3.15,Software Engineer
22BCE8492,Atharv,Agarwal,Male,Civil,Amazon,3.07,System Analyst
22BCE9986,Yash,Kumar,Male,ECE,Google,5.53,Software Engineer
22BCE5247,Kabir,Iyer,Male,CSE,TCS,4.58,Software Engineer
22BCE5619,Vivaan,Chopra,Male,Civil,Amazon,5.12,Software Engineer
22BCE3250,Sara,Joshi,Male,Civil,Microsoft,5.16,Web Developer
22BCE9792,Laksh,Yadav,Male,Civil,Cognizant,5.92,Backend Developer
22BCE1441,Riya,Kumar,Female,EEE,Wipro,4.93,DevOps Engineer
22BCE8105,Reyansh,Reddy,Male,Civil,Infosys,3.89,Data Analyst
22BCE3841,Ananya,Sharma,Male,EEE,Wipro,4.11,Data Analyst
22BCE1445,Riya,Agarwal,Male,CSE,Microsoft,4.32,Backend Developer
22BCE3449,Sara,Mehta,Female,EEE,TCS,5.35,DevOps Engineer
22BCE2253,Vivaan,Patel,Female,Mechanical,TCS,4.45,Data Analyst
22BCE3924,Aryan,Agarwal,Female,IT,Capgemini,4.08,Software Engineer
22BCE6537,Niharika,Nair,Female,CSE,Wipro,5.22,DevOps Engineer
22BCE9230,Saanvi,Das,Male,CSE,Infosys,3.05,Data Analyst
22BCE2219,Ananya,Mehta,Female,Civil,Microsoft,3.55,Data Analyst
22BCE3113,Naman,Chopra,Male,Civil,Amazon,3.58,Web Developer
22BCE3942,Yash,Verma,Female,EEE,Capgemini,3.83,System Analyst
22BCE2087,Pihu,Sinha,Female,IT,Google,3.17,Software Engineer
22BCE9417,Laksh,Yadav,Female,EEE,Infosys,3.92,Backend Developer
22BCE6674,Aditya,Ghosh,Male,EEE,Wipro,5.96,Software Engineer
22BCE4209,Kritika,Mishra,Male,EEE,Wipro,5.92,Data Analyst
22BCE6695,Kiara,Reddy,Female,CSE,Microsoft,4.57,DevOps Engineer
22BCE7971,Niharika,Yadav,Female,EEE,Cognizant,5.32,DevOps Engineer
22BCE8637,Kabir,Joshi,Female,EEE,Wipro,3.96,System Analyst
22BCE3401,Trisha,Verma,Female,EEE,TCS,5.28,Data Analyst
22BCE2981,Yash,Sharma,Male,CSE,Capgemini,5.17,Data Analyst
22BCE1922,Sai,Joshi,Male,ECE,Wipro,3.06,Data Analyst
22BCE9148,Avni,Kumar,Female,EEE,Google,4.83,DevOps Engineer
22BCE3134,Aryan,Gupta,Female,EEE,Amazon,5.8,Data Analyst
22BCE8043,Dev,Das,Male,IT,Infosys,3.97,Backend Developer
22BCE7900,Reyansh,Chopra,Female,Civil,Microsoft,3.99,Backend Developer
22BCE8814,Tanya,Kumar,Female,CSE,Amazon,5.45,Backend Developer
22BCE8546,Tanvi,Verma,Male,CSE,Capgemini,4.84,Software Engineer
22BCE9055,Arjun,Gupta,Male,EEE,Infosys,4.25,DevOps Engineer
22BCE5432,Krishna,Reddy,Female,ECE,Google,4.66,Backend Developer
22BCE3372,Pihu,Sinha,Female,EEE,Capgemini,5.76,DevOps Engineer
22BCE8006,Aadhya,Iyer,Female,EEE,Microsoft,4.95,DevOps Engineer
22BCE7284,Kabir,Pandey,Male,Mechanical,Capgemini,4.33,System Analyst
22BCE1483,Naman,Kumar,Male,IT,Capgemini,4.19,System Analyst
22BCE7619,Vivaan,Yadav,Female,Mechanical,Wipro,3.58,Software Engineer
22BCE8957,Kabir,Singh,Female,ECE,Capgemini,4.95,System Analyst
22BCE2116,Atharv,Singh,Female,CSE,TCS,4.05,System Analyst
22BCE6827,Yash,Agarwal,Female,CSE,TCS,4.65,Web Developer
22BCE8803,Reyansh,Singh,Male,Mechanical,Google,4.98,Backend Developer
22BCE3707,Atharv,Mehta,Female,CSE,Microsoft,5.49,Software Engineer
22BCE1437,Avni,Nair,Female,Civil,Amazon,3.7,Data Analyst
22BCE6004,Om,Verma,Male,ECE,Infosys,3.44,Software Engineer
22BCE3360,Meera,Sinha,Male,CSE,Infosys,4.27,Software Engineer
22BCE4195,Vihaan,Das,Male,IT,Google,5.52,Software Engineer
22BCE8296,Arjun,Singh,Male,Civil,Capgemini,5.04,Data Analyst
22BCE9551,Sai,Kumar,Male,ECE,Microsoft,4.87,Data Analyst
22BCE5683,Sara,Singh,Female,IT,Capgemini,3.63,Data Analyst
22BCE4282,Sai,Reddy,Female,IT,Microsoft,5.18,Web Developer
22BCE5201,Anika,Chopra,Male,IT,Microsoft,5.8,Web Developer
22BCE7552,Niharika,Kapoor,Female,ECE,Cognizant,3.98,Data Analyst
22BCE9256,Kabir,Agarwal,Female,IT,Microsoft,3.39,DevOps Engineer
22BCE1576,Dev,Mishra,Male,CSE,Microsoft,4.5,DevOps Engineer
22BCE2849,Shruti,Kumar,Female,CSE,Wipro,4.64,System Analyst
22BCE5414,Aditya,Joshi,Male,Mechanical,Infosys,5.35,Backend Developer
22BCE4196,Sara,Kumar,Female,CSE,Cognizant,4.11,Data Analyst
22BCE5654,Arjun,Patel,Male,CSE,TCS,3.21,Web Developer
22BCE8163,Dev,Mehta,Male,EEE,Wipro,4.65,System Analyst
22BCE9428,Sara,Mehta,Female,IT,TCS,3.68,System Analyst
22BCE4676,Meera,Verma,Female,CSE,Google,3.7,Web Developer
22BCE9368,Om,Patel,Male,CSE,Capgemini,4.56,Web Developer
22BCE9161,Trisha,Joshi,Female,ECE,Capgemini,3.66,Backend Developer
22BCE6207,Riya,Mehta,Male,Civil,Capgemini,5.19,Backend Developer
22BCE4403,Kunal,Joshi,Female,IT,Capgemini,3.04,DevOps Engineer
22BCE6086,Reyansh,Mehta,Male,CSE,TCS,3.98,System Analyst
22BCE8621,Vihaan,Pandey,Female,Civil,Cognizant,3.5,DevOps Engineer
22BCE4636,Sai,Agarwal,Female,Mechanical,Cognizant,3.12,DevOps Engineer
22BCE1954,Saanvi,Kumar,Male,CSE,Microsoft,5.7,DevOps Engineer
22BCE3189,Sai,Pandey,Female,CSE,Amazon,5.28,Backend Developer
22BCE2396,Sara,Kumar,Female,EEE,Google,4.27,Web Developer
22BCE4272,Niharika,Singh,Male,Civil,Capgemini,4.53,Backend Developer
22BCE9840,Anika,Kumar,Male,ECE,Capgemini,4.74,DevOps Engineer
22BCE3445,Sara,Kumar,Female,CSE,Capgemini,3.43,DevOps Engineer
22BCE1105,Pihu,Mishra,Female,Civil,Google,5.71,Web Developer
22BCE3261,Trisha,Ghosh,Male,EEE,Infosys,3.74,Software Engineer
22BCE1380,Tanvi,Iyer,Female,IT,Microsoft,3.34,Web Developer
22BCE1710,Myra,Kumar,Female,Mechanical,TCS,5.07,Software Engineer
22BCE2228,Naman,Joshi,Male,Civil,TCS,3.21,Backend Developer
22BCE9436,Kritika,Mehta,Male,ECE,Cognizant,5.04,DevOps Engineer
22BCE1708,Riya,Sinha,Female,IT,TCS,3.97,System Analyst
22BCE1155,Naman,Iyer,Male,Civil,TCS,5.39,Web Developer
22BCE8381,Saanvi,Ghosh,Female,EEE,Cognizant,4.27,Data Analyst
22BCE9516,Tanvi,Mishra,Female,EEE,Microsoft,4.93,System Analyst
22BCE7024,Laksh,Kumar,Male,ECE,Cognizant,3.6,DevOps Engineer
22BCE2866,Riya,Chopra,Female,CSE,Infosys,3.45,Web Developer
22BCE3336,Tanya,Iyer,Male,Civil,Cognizant,5.86,Backend Developer
22BCE7444,Kritika,Mishra,Female,Mechanical,Amazon,4.69,System Analyst
22BCE9923,Vihaan,Chopra,Male,IT,Amazon,3.87,DevOps Engineer
22BCE3392,Vivaan,Verma,Male,Civil,Amazon,3.46,Web Developer
22BCE3226,Kunal,Sharma,Female,Mechanical,TCS,5.58,DevOps Engineer
22BCE5366,Tanya,Kapoor,Female,IT,Microsoft,3.34,Web Developer
22BCE9866,Tanya,Nair,Male,Civil,TCS,3.87,Backend Developer
22BCE5301,Kabir,Gupta,Male,Mechanical,Infosys,4.7,System Analyst
22BCE9390,Rohan,Joshi,Female,IT,Google,5.62,DevOps Engineer
22BCE3298,Myra,Yadav,Female,Mechanical,TCS,3.22,Web Developer
22BCE5092,Niharika,Sinha,Female,EEE,Wipro,3.54,Data Analyst
22BCE5188,Yash,Joshi,Male,ECE,Amazon,5.66,DevOps Engineer
22BCE7826,Aditya,Singh,Female,Mechanical,Infosys,3.48,DevOps Engineer
22BCE4758,Dev,Chopra,Female,CSE,Microsoft,5.33,Web Developer
22BCE9162,Ishaan,Patel,Male,Mechanical,Amazon,3.37,DevOps Engineer
22BCE7246,Sara,Mishra,Male,CSE,Capgemini,5.21,Software Engineer
22BCE1806,Anika,Iyer,Female,ECE,Wipro,5.84,Web Developer
22BCE8702,Arjun,Mishra,Male,ECE,Google,4.34,Data Analyst
22BCE5024,Diya,Patel,Male,IT,TCS,5.05,System Analyst
22BCE6500,Aryan,Patel,Female,CSE,Amazon,3.31,Software Engineer
22BCE6321,Niharika,Yadav,Female,CSE,Cognizant,5.87,Software Engineer
22BCE2230,Harsh,Sharma,Male,IT,Capgemini,3.68,Backend Developer
22BCE6101,Aadhya,Joshi,Male,Civil,TCS,3.88,Backend Developer
22BCE4348,Naman,Gupta,Male,Civil,Microsoft,3.99,Backend Developer
22BCE4082,Om,Mehta,Female,ECE,Capgemini,3.35,Backend Developer
22BCE6322,Tanvi,Mehta,Female,EEE,Microsoft,5.52,DevOps Engineer
22BCE2506,Rohan,Ghosh,Male,EEE,Infosys,4.05,Software Engineer
22BCE5171,Vihaan,Nair,Female,Mechanical,Capgemini,3.88,Web Developer
22BCE6655,Riya,Gupta,Male,Mechanical,Amazon,5.4,DevOps Engineer
22BCE5496,Harsh,Pandey,Male,Civil,Capgemini,5.42,System Analyst
22BCE4680,Laksh,Ghosh,Female,ECE,TCS,4.36,DevOps Engineer
22BCE3169,Aditya,Pandey,Female,Civil,TCS,3.37,Backend Developer
22BCE2798,Kabir,Sharma,Female,CSE,Microsoft,5.98,System Analyst
22BCE1293,Yash,Sinha,Female,CSE,Microsoft,4.13,Web Developer
22BCE4191,Tanya,Chopra,Female,Mechanical,Microsoft,3.7,Backend Developer
22BCE7385,Kiara,Das,Female,IT,Infosys,3.94,Software Engineer
22BCE1243,Riya,Patel,Male,IT,Amazon,3.66,Backend Developer
22BCE3408,Trisha,Reddy,Female,IT,Microsoft,4.99,Backend Developer
22BCE2469,Anika,Kumar,Male,Civil,Amazon,5.16,Data Analyst
22BCE8984,Reyansh,Chopra,Female,Mechanical,Cognizant,5.71,System Analyst
22BCE1976,Laksh,Joshi,Female,Civil,Microsoft,3.34,Data Analyst
22BCE7558,Yash,Reddy,Male,IT,Microsoft,5.98,Data Analyst
22BCE2284,Anika,Sinha,Female,Mechanical,Cognizant,4.51,Backend Developer
22BCE9079,Yash,Reddy,Female,ECE,Amazon,4.5,Software Engineer
22BCE2481,Kabir,Pandey,Male,EEE,Infosys,22.43,System Analyst
22BCE8730,Meera,Agarwal,Female,IT,TCS,17.33,Data Analyst
22BCE8110,Kritika,Mishra,Male,IT,TCS,10.93,DevOps Engineer
22BCE9804,Prisha,Reddy,Female,EEE,Amazon,9.76,Web Developer
22BCE1726,Riya,Reddy,Female,ECE,Infosys,24.14,System Analyst
22BCE5224,Shruti,Das,Male,ECE,Infosys,8.99,Data Analyst
22BCE5335,Krishna,Nair,Male,Civil,Wipro,16.95,DevOps Engineer
22BCE5594,Dev,Yadav,Male,EEE,Google,17.34,Data Analyst
22BCE4951,Atharv,Verma,Female,Civil,Microsoft,15.32,Backend Developer
22BCE8903,Ananya,Verma,Female,Civil,Wipro,21.8,DevOps Engineer
22BCE5156,Pihu,Kapoor,Male,ECE,Wipro,9.19,Data Analyst
22BCE5684,Anika,Verma,Male,Mechanical,Infosys,6.81,Data Analyst
22BCE4176,Reyansh,Patel,Male,EEE,Google,28.13,DevOps Engineer
22BCE9875,Ananya,Sharma,Female,CSE,Google,26.7,Software Engineer
22BCE2204,Riya,Sinha,Female,CSE,TCS,20.46,Web Developer
22BCE6783,Myra,Joshi,Female,EEE,Microsoft,9.95,Data Analyst
22BCE1478,Aarav,Mishra,Male,EEE,TCS,13.19,Web Developer
22BCE4854,Shruti,Reddy,Female,EEE,Wipro,13.75,Web Developer
22BCE1146,Om,Sinha,Male,Mechanical,Google,10.44,Software Engineer
22BCE7938,Naman,Chopra,Female,CSE,Capgemini,16.15,Data Analyst
22BCE6688,Niharika,Chopra,Female,IT,Infosys,9.4,Web Developer
22BCE7411,Ananya,Ghosh,Male,ECE,Google,29.21,Software Engineer
22BCE7844,Shruti,Chopra,Female,ECE,Capgemini,10.98,System Analyst
22BCE9867,Kabir,Nair,Female,Civil,TCS,12.49,DevOps Engineer
22BCE9470,Kabir,Iyer,Male,CSE,Amazon,19.66,Data Analyst
22BCE7170,Kritika,Chopra,Male,Civil,TCS,29.67,DevOps Engineer
22BCE5047,Pihu,Kapoor,Male,EEE,Google,20.32,Backend Developer
22BCE3911,Ira,Sinha,Male,Mechanical,Infosys,18.37,Web Developer
22BCE9862,Pihu,Nair,Male,CSE,Wipro,26.34,Software Engineer
22BCE1584,Kunal,Sinha,Male,EEE,Cognizant,28.76,DevOps Engineer
22BCE1406,Vihaan,Chopra,Female,IT,Cognizant,23.5,Backend Developer
22BCE8029,Ishaan,Verma,Male,Mechanical,Wipro,19.82,Data Analyst
22BCE6537,Trisha,Kumar,Female,Civil,TCS,27.72,Web Developer
22BCE6616,Reyansh,Kumar,Female,CSE,TCS,10.03,Web Developer
22BCE9242,Laksh,Sharma,Male,IT,Amazon,10.76,System Analyst
22BCE1973,Myra,Das,Male,IT,Wipro,12.15,Backend Developer
22BCE5837,Om,Kumar,Male,EEE,TCS,8.23,DevOps Engineer
22BCE1672,Sai,Verma,Female,Mechanical,Infosys,26.3,System Analyst
22BCE4564,Arjun,Reddy,Male,Civil,Infosys,22.44,Data Analyst
22BCE1111,Naman,Nair,Female,IT,Infosys,26.69,Backend Developer
22BCE3138,Vihaan,Verma,Male,EEE,Google,20.91,Data Analyst
22BCE8608,Kiara,Mehta,Male,Civil,Capgemini,11.46,Data Analyst
22BCE3376,Aditya,Joshi,Female,CSE,Amazon,11.63,DevOps Engineer
22BCE4127,Pihu,Pandey,Male,Mechanical,Capgemini,27.59,System Analyst
22BCE7399,Laksh,Mehta,Male,EEE,Amazon,7.88,Software Engineer
22BCE6370,Sai,Patel,Female,ECE,Microsoft,9.02,Backend Developer
22BCE4647,Meera,Joshi,Male,EEE,Microsoft,9.85,Data Analyst
22BCE7645,Yash,Das,Female,Mechanical,Google,15.68,Web Developer
22BCE5439,Arjun,Sinha,Male,ECE,Google,21.47,Backend Developer
22BCE6540,Aadhya,Agarwal,Female,Mechanical,Amazon,20.61,Data Analyst
22BCE8931,Kabir,Joshi,Female,Civil,Capgemini,21.27,Software Engineer
22BCE7132,Myra,Das,Female,EEE,Wipro,17.25,Backend Developer
22BCE7182,Ishaan,Joshi,Female,Mechanical,Amazon,8.48,Software Engineer
22BCE6925,Meera,Pandey,Female,ECE,Google,25.16,Software Engineer
22BCE1237,Myra,Sharma,Male,CSE,Amazon,19.21,DevOps Engineer
22BCE5054,Krishna,Gupta,Female,CSE,Amazon,6.37,Backend Developer
22BCE7715,Prisha,Chopra,Female,CSE,Amazon,13.54,Backend Developer
22BCE4370,Kabir,Chopra,Female,IT,Capgemini,19.11,Web Developer
22BCE6349,Kiara,Agarwal,Female,IT,Infosys,24.6,System Analyst
22BCE7634,Ananya,Joshi,Female,IT,Amazon,28,DevOps Engineer
22BCE8969,Yash,Iyer,Female,EEE,Cognizant,8.48,Data Analyst
22BCE6184,Yash,Ghosh,Female,Civil,TCS,22.81,System Analyst
22BCE8990,Anika,Verma,Male,Mechanical,Google,6.83,Data Analyst
22BCE5924,Rohan,Das,Male,CSE,Capgemini,28.17,Software Engineer
22BCE4562,Harsh,Ghosh,Male,Mechanical,Microsoft,24.38,Backend Developer
22BCE4289,Trisha,Verma,Female,CSE,Capgemini,18.95,Software Engineer
22BCE5971,Ira,Reddy,Male,IT,Cognizant,13.56,Web Developer
22BCE9664,Avni,Iyer,Female,CSE,Wipro,8.93,System Analyst
22BCE1102,Kiara,Mehta,Female,IT,Google,24.96,Software Engineer
22BCE4431,Arjun,Nair,Female,IT,Google,26.31,Software Engineer
22BCE3402,Diya,Reddy,Male,IT,Capgemini,29.24,DevOps Engineer
22BCE3820,Shruti,Das,Male,ECE,Amazon,29.92,System Analyst
22BCE9648,Aarav,Mehta,Female,Civil,Google,16.28,System Analyst
22BCE5641,Prisha,Yadav,Male,EEE,Capgemini,26.25,Data Analyst
22BCE4123,Tanvi,Agarwal,Male,Civil,Capgemini,23,DevOps Engineer
22BCE8383,Meera,Chopra,Female,ECE,Google,29.91,Web Developer
22BCE2879,Trisha,Kapoor,Male,ECE,Amazon,10.96,Backend Developer
22BCE7915,Sai,Reddy,Female,Civil,Amazon,12.55,DevOps Engineer
22BCE3114,Reyansh,Yadav,Male,CSE,Cognizant,11.76,DevOps Engineer
22BCE3874,Pihu,Mishra,Male,Civil,Capgemini,13.18,Backend Developer
22BCE4636,Aditya,Pandey,Female,EEE,Amazon,11.29,DevOps Engineer
22BCE7423,Reyansh,Agarwal,Female,Civil,Amazon,23.65,Software Engineer
22BCE6174,Sara,Kumar,Female,Civil,Google,25.19,System Analyst
22BCE6420,Kritika,Chopra,Male,ECE,TCS,10.19,Software Engineer
22BCE1848,Dev,Patel,Female,ECE,Infosys,27.52,Data Analyst
22BCE8916,Saanvi,Yadav,Male,Civil,Google,20.4,Backend Developer
22BCE3571,Vivaan,Chopra,Male,CSE,Wipro,29.53,Web Developer
22BCE1570,Meera,Kumar,Male,Mechanical,Microsoft,29.25,System Analyst
22BCE3545,Meera,Patel,Female,ECE,Microsoft,26.68,System Analyst
22BCE1758,Prisha,Agarwal,Male,EEE,Microsoft,25.29,Data Analyst
22BCE2399,Reyansh,Chopra,Male,Mechanical,Cognizant,13.01,DevOps Engineer
22BCE1337,Anika,Kumar,Female,Civil,Amazon,23.56,Backend Developer
22BCE4849,Prisha,Kumar,Female,EEE,Microsoft,14.81,DevOps Engineer
22BCE3662,Kabir,Mishra,Female,IT,Cognizant,8.2,Software Engineer
22BCE5869,Vihaan,Reddy,Female,ECE,Google,11.24,Backend Developer
22BCE7061,Trisha,Kapoor,Female,IT,Google,19.65,DevOps Engineer
22BCE5742,Aditya,Kapoor,Male,ECE,Cognizant,20.16,Software Engineer
22BCE2971,Ananya,Sinha,Female,CSE,Google,17.86,Software Engineer
22BCE2933,Aarav,Sharma,Male,Civil,Cognizant,10.43,Backend Developer
22BCE4416,Saanvi,Mehta,Female,EEE,TCS,22.26,Data Analyst
22BCE8357,Aryan,Sharma,Female,EEE,Infosys,10.82,DevOps Engineer
22BCE1397,Yash,Patel,Male,Civil,Microsoft,26.19,Web Developer
22BCE8675,Meera,Ghosh,Male,CSE,Capgemini,22.3,Data Analyst
22BCE4536,Aditya,Agarwal,Female,CSE,Amazon,20.37,Software Engineer
22BCE8319,Krishna,Chopra,Male,IT,Cognizant,25.37,Web Developer
22BCE8993,Niharika,Yadav,Male,IT,Google,26.53,Data Analyst
22BCE9834,Vihaan,Singh,Female,Mechanical,Amazon,6.32,Backend Developer
22BCE4939,Aditya,Chopra,Female,Mechanical,TCS,8.08,Backend Developer
22BCE4087,Aarav,Kumar,Female,ECE,Infosys,8.51,Data Analyst
22BCE9693,Kiara,Verma,Male,IT,Wipro,24.94,Software Engineer
22BCE7695,Vihaan,Gupta,Female,Civil,Infosys,7.77,Software Engineer
22BCE7127,Vivaan,Sharma,Male,IT,Microsoft,27.74,Software Engineer
22BCE7419,Dev,Chopra,Male,Civil,TCS,16.24,Backend Developer
22BCE6735,Harsh,Nair,Female,IT,Google,18.08,Software Engineer
22BCE8821,Sai,Mehta,Male,CSE,Google,23.11,Web Developer
22BCE9316,Yash,Agarwal,Female,CSE,Google,8.3,Web Developer
22BCE8482,Aadhya,Kapoor,Female,ECE,Wipro,15.74,Backend Developer
22BCE4456,Prisha,Kumar,Female,ECE,Cognizant,16.03,DevOps Engineer
22BCE6790,Ira,Verma,Female,Civil,TCS,9.51,Backend Developer
22BCE9658,Trisha,Sinha,Female,Civil,Amazon,20.65,DevOps Engineer
22BCE5467,Tanya,Gupta,Female,IT,Google,14.59,Web Developer
22BCE3110,Meera,Kapoor,Male,IT,Microsoft,11.38,Data Analyst
22BCE7125,Aadhya,Kumar,Female,Mechanical,Microsoft,18.07,System Analyst
22BCE1428,Krishna,Gupta,Female,Civil,Capgemini,29.34,System Analyst
22BCE5069,Laksh,Singh,Female,CSE,Cognizant,20.42,Backend Developer
22BCE8355,Kritika,Chopra,Female,EEE,Amazon,25.22,Software Engineer
22BCE5680,Aditya,Sharma,Female,IT,Cognizant,8.33,System Analyst
22BCE4670,Prisha,Iyer,Male,IT,Google,6.15,Data Analyst
22BCE1015,Arjun,Pandey,Female,CSE,Amazon,19.86,DevOps Engineer
22BCE4164,Meera,Kumar,Female,Mechanical,Google,6.32,Data Analyst
22BCE6405,Vivaan,Sharma,Male,CSE,Wipro,24.82,Software Engineer
22BCE1591,Kabir,Joshi,Male,ECE,Google,13.23,Software Engineer
22BCE9715,Sai,Verma,Male,Mechanical,Microsoft,15.13,Web Developer
22BCE8970,Myra,Kapoor,Female,IT,TCS,8.2,Backend Developer
22BCE6038,Ishaan,Gupta,Male,EEE,Infosys,9.14,System Analyst
22BCE9206,Aadhya,Gupta,Female,CSE,Capgemini,9.54,Data Analyst
22BCE1136,Reyansh,Nair,Female,CSE,Capgemini,12.71,System Analyst
22BCE7143,Niharika,Sinha,Male,EEE,Google,24.19,Data Analyst
22BCE7673,Aarav,Das,Female,CSE,Capgemini,15.77,Data Analyst
22BCE2549,Arjun,Agarwal,Male,IT,Microsoft,11.07,Software Engineer
22BCE5212,Diya,Agarwal,Male,CSE,Wipro,13.75,Web Developer
22BCE7677,Ishaan,Nair,Male,EEE,Wipro,7.57,System Analyst
22BCE9201,Aditya,Nair,Female,EEE,Capgemini,13.14,Software Engineer
22BCE5584,Yash,Sharma,Male,ECE,Wipro,29.39,System Analyst
22BCE4439,Sara,Gupta,Male,Mechanical,Infosys,29,Data Analyst
22BCE3351,Ananya,Mehta,Male,ECE,Capgemini,24.25,Data Analyst
22BCE8016,Yash,Ghosh,Male,IT,Microsoft,19.2,Web Developer
22BCE3080,Sara,Iyer,Male,ECE,Microsoft,19.99,Web Developer
22BCE5093,Tanvi,Yadav,Female,ECE,Infosys,22.52,DevOps Engineer
22BCE4221,Krishna,Das,Female,Mechanical,Amazon,13.56,System Analyst
22BCE1650,Vihaan,Pandey,Female,EEE,Wipro,9.25,Software Engineer
22BCE9029,Aryan,Joshi,Female,IT,Amazon,15.62,System Analyst
22BCE4382,Diya,Kumar,Male,Civil,Google,29.38,Data Analyst
22BCE7568,Aditya,Ghosh,Female,Civil,Amazon,20.44,Backend Developer
22BCE3028,Kritika,Verma,Female,Mechanical,Microsoft,29.65,Software Engineer
22BCE4659,Shruti,Agarwal,Female,Mechanical,Microsoft,8.95,Web Developer
22BCE8151,Saanvi,Gupta,Female,Civil,Capgemini,9.37,Software Engineer
22BCE4818,Aadhya,Singh,Female,EEE,Cognizant,8.75,Software Engineer
22BCE5042,Arjun,Sharma,Male,Civil,Capgemini,6.08,System Analyst
22BCE8050,Ira,Chopra,Male,CSE,Google,15.44,Web Developer
22BCE2672,Kabir,Patel,Male,ECE,Microsoft,6.85,Backend Developer
22BCE1223,Harsh,Agarwal,Male,EEE,Amazon,27.22,Software Engineer
22BCE6448,Rohan,Reddy,Female,Mechanical,Cognizant,28.99,System Analyst
22BCE1072,Om,Yadav,Female,CSE,Capgemini,6.85,Backend Developer
22BCE5640,Ananya,Nair,Female,Civil,Cognizant,6.75,System Analyst
22BCE7064,Meera,Mishra,Male,EEE,TCS,29.56,Data Analyst
22BCE5999,Saanvi,Agarwal,Female,IT,Google,21.4,Data Analyst
22BCE6639,Shruti,Sharma,Female,ECE,TCS,28.17,DevOps Engineer
22BCE4534,Kritika,Patel,Female,Mechanical,Microsoft,27.83,Software Engineer
22BCE6031,Shruti,Agarwal,Female,Mechanical,Infosys,10.47,System Analyst
22BCE5134,Meera,Iyer,Female,CSE,Wipro,15.36,System Analyst
22BCE9766,Niharika,Agarwal,Male,CSE,Cognizant,7.02,Software Engineer
22BCE1871,Riya,Verma,Male,CSE,Cognizant,17.65,Web Developer
22BCE1115,Aarav,Pandey,Female,EEE,Infosys,7.41,Web Developer
22BCE6934,Ananya,Ghosh,Male,IT,Google,17.38,Software Engineer
22BCE3118,Aarav,Joshi,Female,Civil,Microsoft,27.12,Software Engineer
22BCE6757,Riya,Sharma,Female,Mechanical,Capgemini,21.77,Backend Developer
22BCE5371,Atharv,Ghosh,Male,Mechanical,Cognizant,29.43,Data Analyst
22BCE4740,Atharv,Mehta,Female,CSE,TCS,16.21,Web Developer
22BCE3587,Kritika,Sharma,Male,IT,Microsoft,14.83,Data Analyst
22BCE8736,Atharv,Nair,Male,Civil,Infosys,21.87,Software Engineer
22BCE8828,Niharika,Reddy,Female,IT,Capgemini,7.91,Backend Developer
22BCE5822,Ira,Agarwal,Female,IT,TCS,23.26,Software Engineer
22BCE2370,Laksh,Joshi,Male,Civil,Microsoft,20.35,System Analyst
22BCE5112,Kabir,Joshi,Male,IT,Google,16.75,Software Engineer
22BCE3247,Avni,Mehta,Male,CSE,Microsoft,26.36,Backend Developer
22BCE4321,Vihaan,Verma,Male,CSE,Cognizant,24.98,Data Analyst
22BCE2486,Niharika,Agarwal,Female,Mechanical,Amazon,9.37,System Analyst
22BCE5274,Niharika,Gupta,Female,IT,Wipro,12.71,System Analyst
22BCE4861,Kabir,Verma,Male,Civil,Infosys,15.73,Web Developer
22BCE5092,Laksh,Singh,Male,ECE,Cognizant,6.28,Backend Developer
22BCE2977,Riya,Yadav,Female,EEE,Google,27.52,Software Engineer
22BCE2251,Trisha,Chopra,Male,EEE,TCS,28.38,Backend Developer
22BCE6196,Dev,Sharma,Female,Mechanical,Capgemini,27.37,System Analyst
22BCE8376,Trisha,Sinha,Female,Civil,Capgemini,27.09,Backend Developer
22BCE1131,Aarav,Yadav,Male,Civil,Microsoft,8.7,Backend Developer
22BCE1270,Arjun,Chopra,Female,EEE,Microsoft,9.1,System Analyst
22BCE1161,Tanya,Chopra,Male,CSE,Amazon,28.88,Backend Developer
22BCE7062,Vihaan,Agarwal,Female,EEE,Amazon,11.39,DevOps Engineer
22BCE8773,Harsh,Pandey,Female,CSE,Cognizant,27.18,System Analyst
22BCE5555,Kritika,Yadav,Male,IT,Microsoft,22.46,Software Engineer
22BCE4175,Sara,Ghosh,Female,CSE,Microsoft,19.02,Web Developer
22BCE1931,Myra,Patel,Female,CSE,Capgemini,21.87,System Analyst
22BCE8951,Aryan,Sinha,Male,Civil,Capgemini,23.12,System Analyst
22BCE3945,Rohan,Verma,Male,Civil,TCS,11.38,Software Engineer
22BCE5913,Aarav,Reddy,Female,EEE,Cognizant,21.73,System Analyst
22BCE7413,Prisha,Joshi,Male,Civil,Google,21.45,System Analyst
22BCE3442,Kabir,Chopra,Male,IT,TCS,27.81,Backend Developer
22BCE5806,Kritika,Reddy,Female,EEE,TCS,10.76,Backend Developer
22BCE1074,Ananya,Chopra,Male,CSE,Amazon,6.6,Backend Developer
22BCE8910,Kritika,Agarwal,Female,CSE,TCS,16.22,Backend Developer
22BCE9670,Avni,Patel,Male,EEE,Capgemini,10.5,Software Engineer
22BCE3192,Tanya,Pandey,Female,Civil,Google,19.17,Backend Developer
22BCE5650,Arjun,Kapoor,Male,Civil,Amazon,10.33,Data Analyst
22BCE5626,Krishna,Iyer,Male,EEE,Infosys,14.44,Data Analyst
22BCE2523,Meera,Sinha,Male,ECE,TCS,26.42,Software Engineer
22BCE3654,Trisha,Kapoor,Female,Civil,Amazon,29.03,Web Developer
22BCE3260,Sara,Nair,Male,Civil,TCS,6,DevOps Engineer
22BCE3120,Pihu,Das,Male,IT,Infosys,6.6,Web Developer
22BCE5503,Diya,Yadav,Male,IT,Capgemini,11.56,Data Analyst
22BCE3464,Avni,Singh,Male,ECE,Google,23.65,DevOps Engineer
22BCE4688,Vivaan,Patel,Female,CSE,Cognizant,19.93,Backend Developer
22BCE5484,Atharv,Verma,Female,Mechanical,Wipro,26.62,Backend Developer
22BCE6558,Meera,Ghosh,Male,CSE,TCS,11.53,System Analyst
22BCE1282,Ira,Ghosh,Male,Mechanical,Cognizant,8.38,DevOps Engineer
22BCE9442,Rohan,Kapoor,Male,IT,Amazon,16,Web Developer
22BCE1876,Sara,Iyer,Male,EEE,Google,17.91,Backend Developer
22BCE4231,Avni,Ghosh,Female,CSE,Wipro,24.08,Backend Developer
22BCE8618,Arjun,Ghosh,Female,CSE,Cognizant,26.3,System Analyst
22BCE7045,Kritika,Kumar,Male,ECE,Wipro,27.09,Data Analyst
22BCE4377,Myra,Mehta,Female,Civil,Cognizant,16.65,DevOps Engineer
22BCE5399,Sara,Joshi,Male,IT,Amazon,21.85,System Analyst
22BCE3488,Riya,Das,Female,ECE,Cognizant,18.03,Web Developer
22BCE7695,Meera,Kumar,Female,CSE,Infosys,27.14,Web Developer
22BCE5371,Aditya,Kumar,Female,ECE,Capgemini,20.23,Web Developer
22BCE2789,Kiara,Iyer,Female,CSE,Cognizant,12.07,DevOps Engineer
22BCE9847,Naman,Singh,Male,IT,Capgemini,18.82,Backend Developer
22BCE6374,Naman,Verma,Female,Civil,TCS,12.98,Data Analyst
22BCE1379,Anika,Mishra,Female,IT,TCS,23.29,DevOps Engineer
22BCE3750,Kiara,Sinha,Female,IT,Google,6.85,Software Engineer
22BCE2689,Laksh,Ghosh,Male,Civil,Infosys,17.99,Web Developer
22BCE8865,Trisha,Das,Male,ECE,Amazon,20.34,System Analyst
22BCE8218,Dev,Nair,Male,IT,Wipro,8.13,Web Developer
22BCE7871,Krishna,Das,Male,Mechanical,Cognizant,21.34,Web Developer
22BCE2099,Riya,Pandey,Female,Civil,TCS,14.67,Software Engineer
22BCE9836,Aarav,Verma,Male,EEE,Google,21.62,Backend Developer
22BCE3684,Dev,Joshi,Female,Civil,Wipro,13.19,Data Analyst
22BCE3357,Ishaan,Reddy,Female,Civil,Google,12.04,DevOps Engineer
22BCE6715,Kritika,Kapoor,Male,IT,TCS,20.8,System Analyst
22BCE7062,Arjun,Kapoor,Male,Mechanical,Google,22.68,System Analyst
